,Age,Attrition,BusinessTravel,DailyRate,Department,DistanceFromHome,Education,EducationField,EmployeeCount,EmployeeNumber,EnvironmentSatisfaction,Gender,HourlyRate,JobInvolvement,JobLevel,JobRole,JobSatisfaction,MaritalStatus,MonthlyIncome,MonthlyRate,NumCompaniesWorked,Over18,OverTime,PercentSalaryHike,PerformanceRating,RelationshipSatisfaction,StandardHours,StockOptionLevel,TotalWorkingYears,TrainingTimesLastYear,WorkLifeBalance,YearsAtCompany,YearsInCurrentRole,YearsSinceLastPromotion,YearsWithCurrManager,AttritionCaseID,EmployeeID,EducationalBackgroundCaseID
749,26,Yes,Non-Travel,265,Sales,29,2,Medical,1,1037,2,Male,79,1,2,Sales Executive,1,Single,4969,21813,8,Y,No,18,3,4,80,0,7,6,3,2,2,2,2,749,749,749
657,32,Yes,Travel_Rarely,374,Research & Development,25,4,Life Sciences,1,911,1,Male,87,3,1,Laboratory Technician,4,Single,2795,18016,1,Y,Yes,24,4,3,80,0,1,2,1,1,0,0,1,657,657,657
637,35,Yes,Travel_Frequently,130,Research & Development,25,4,Life Sciences,1,881,4,Female,96,3,1,Research Scientist,2,Divorced,2022,16612,1,Y,Yes,19,3,1,80,1,10,3,2,10,2,7,8,637,637,637
548,42,Yes,Travel_Frequently,933,Research & Development,19,3,Medical,1,752,3,Male,57,4,1,Research Scientist,3,Divorced,2759,20366,6,Y,Yes,12,3,4,80,0,7,2,3,2,2,2,2,548,548,548
563,33,Yes,Travel_Rarely,527,Research & Development,1,4,Other,1,780,4,Male,63,3,1,Research Scientist,4,Single,2686,5207,1,Y,Yes,13,3,3,80,0,10,2,2,10,9,7,8,563,563,563
1069,28,Yes,Travel_Frequently,289,Research & Development,2,2,Medical,1,1504,3,Male,38,2,1,Laboratory Technician,1,Single,2561,5355,7,Y,No,11,3,3,80,0,8,2,2,0,0,0,0,1069,1069,1069
1112,53,Yes,Travel_Rarely,607,Research & Development,2,5,Technical Degree,1,1572,3,Female,78,2,3,Manufacturing Director,4,Married,10169,14618,0,N,No,16,3,2,80,1,34,4,3,33,7,1,9,1112,1112,1112
1327,32,Yes,Travel_Rarely,414,Sales,2,4,Marketing,1,1862,3,Male,82,2,2,,2,Single,9907,26186,7,Y,Yes,12,3,3,80,0,7,3,2,2,2,2,2,1327,1327,1327
1380,27,Yes,Travel_Frequently,1337,Human Resources,22,3,Human Resources,1,1944,1,Female,58,2,1,Human Resources,2,Married,2863,19555,1,Y,No,12,3,1,80,0,1,2,3,1,0,0,0,1380,1380,1380
70,36,Yes,Travel_Rarely,318,Research & Development,9,3,Medical,1,90,4,Male,79,2,1,,3,Married,3388,21777,0,Y,Yes,17,3,1,80,1,2,0,2,1,0,0,0,70,70,70
707,40,Yes,Non-Travel,1479,Sales,24,3,Life Sciences,1,986,2,Female,100,4,4,Sales Executive,2,Single,13194,17071,4,Y,Yes,16,3,4,80,0,22,2,2,1,0,0,0,707,707,707
1154,18,Yes,Travel_Frequently,544,Sales,3,2,Medical,1,1624,2,Female,70,3,1,Sales Representative,4,Single,1569,18420,1,Y,Yes,12,3,3,80,0,0,2,4,0,0,0,0,1154,1154,1154
1206,32,Yes,Travel_Rarely,1259,Research & Development,2,4,Life Sciences,1,1692,4,Male,95,3,1,,2,Single,1393,24852,1,Y,No,12,3,1,80,0,1,2,3,1,0,0,0,1206,1206,1206
829,18,Yes,Non-Travel,247,Research & Development,8,1,Medical,1,1156,3,Male,80,3,1,Laboratory Technician,3,Single,1904,13556,1,Y,No,12,3,4,80,0,0,0,3,0,0,0,0,829,829,829
514,20,Yes,Travel_Rarely,1362,Research & Development,10,1,Medical,1,701,4,Male,32,3,1,Research Scientist,3,Single,1009,26999,1,Y,Yes,11,3,4,80,0,1,5,3,1,0,1,1,514,514,514
712,29,Yes,Travel_Rarely,906,Research & Development,10,3,Life Sciences,1,994,4,Female,92,2,1,,1,Single,2404,11479,6,Y,Yes,20,4,3,80,0,3,5,3,0,0,0,0,712,712,712
1462,50,Yes,Travel_Rarely,410,Sales,28,3,Marketing,1,2055,4,Male,39,2,3,Sales Executive,1,Divorced,10854,16586,4,Y,Yes,13,3,2,80,1,20,3,3,3,2,2,0,1462,1462,1462
646,29,Yes,Travel_Rarely,341,Sales,1,3,Medical,1,896,2,F,48,2,1,Sales Representative,3,Divorced,2800,23522,6,Y,Yes,19,3,3,80,3,5,3,3,3,2,0,2,646,646,646
608,49,Yes,Travel_Rarely,1184,Sales,11,3,Marketing,1,840,3,Female,43,3,3,,4,Married,7654,5860,1,Y,No,18,3,1,80,2,9,3,4,9,8,7,7,608,608,608
1172,40,Yes,Travel_Rarely,1329,Research & Development,7,3,Life Sciences,1,1649,1,M,73,3,1,,1,Single,2166,3339,3,Y,Yes,14,3,2,80,0,10,3,1,4,2,0,3,1172,1172,1172
505,45,Yes,Travel_Frequently,306,Sales,26,4,Life Sciences,1,684,1,Female,100,3,2,Sales Executive,1,Married,4286,5630,2,Y,No,14,3,4,80,2,5,4,3,1,1,0,0,505,505,505
1376,32,Yes,Travel_Frequently,238,Research & Development,5,2,Life Sciences,1,1939,1,Female,47,4,1,Research Scientist,3,Single,2432,15318,3,Y,Yes,14,3,1,80,0,8,2,3,4,1,0,3,1376,1376,1376
799,33,Yes,Travel_Rarely,1017,Research & Development,25,3,Medical,1,1108,1,Male,55,2,1,,2,Single,2313,2993,4,Y,Yes,20,4,2,80,0,5,0,3,2,2,2,2,799,799,799
948,52,Yes,Travel_Rarely,1030,Sales,5,3,Life Sciences,1,1319,2,Male,64,2022/1/5,3,,2,Single,8446,21534,9,Y,Yes,19,3,3,80,0,10,2,2,8,7,7,7,948,948,948
1314,29,Yes,Travel_Rarely,350,Human Resources,13,3,Human Resources,1,1844,1,Male,56,2,1,Human Resources,1,Divorced,2335,3157,4,Y,Yes,15,3,4,80,3,4,3,3,2,2,2,0,1314,1314,1314
1453,50,Yes,Travel_Frequently,878,Sales,1,4,Life Sciences,1,2044,2,Male,94,3,2,,3,Divorced,6728,14255,7,Y,No,12,3,4,80,2,12,3,3,6,3,0,1,1453,1453,1453
297,18,Yes,Travel_Rarely,230,Research & Development,3,3,Life Sciences,1,405,3,Male,54,3,1,Single,3,,1420,25233,1,Y,No,13,3,3,80,0,0,2,3,0,0,0,0,297,297,297
792,35,Yes,Travel_Rarely,1204,Sales,4,3,Technical Degree,1,1100,4,Male,86,3,3,Sales Executive,1,Single,9582,10333,0,Y,Yes,22,4,1,80,0,9,2,3,8,7,4,7,792,792,792
1086,31,Yes,Travel_Frequently,561,Research & Development,3,3,Life Sciences,1,1537,4,Female,33,3,1,,3,Single,4084,4156,1,Y,No,12,3,1,80,0,7,2,1,7,2,7,7,1086,1086,1086
386,30,Yes,Travel_Frequently,464,Research & Development,4,3,Technical Degree,1,514,3,Male,40,3,1,Research Scientist,4,Single,2285,3427,9,Y,Yes,23,4,3,80,0,3,4,3,1,0,0,0,386,386,386
1355,56,Yes,Travel_Rarely,1162,Research & Development,24,2,Life Sciences,1,1907,1,Male,97,3,1,Laboratory Technician,4,Single,2587,10261,1,Y,No,16,3,4,80,0,5,3,3,4,2,1,0,1355,1355,1355
912,25,Yes,Travel_Frequently,599,Sales,24,1,Life Sciences,1,1273,3,Male,73,1,1,Sales Representative,4,Single,1118,8040,1,Y,Yes,14,3,4,80,0,1,4,3,1,0,1,0,912,912,912
599,28,Yes,Travel_Rarely,890,Research & Development,2,4,Medical,1,828,3,Male,46,3,1,Research Scientist,3,Single,4382,16374,6,Y,No,17,3,4,80,0,5,3,2,2,2,2,1,599,599,599
801,28,Yes,Travel_Frequently,1009,Research & Development,1,3,Medical,1,1111,1,Male,45,2,1,Laboratory Technician,2,Divorced,2596,7160,1,Y,No,15,3,1,80,2,1,2,3,1,0,0,0,801,801,801
981,31,Yes,Travel_Frequently,703,Sales,2,3,Life Sciences,1,1379,3,Female,90,2,1,Sales Representative,4,Single,2785,11882,7,Y,No,14,3,3,80,0,3,3,4,1,0,0,0,981,981,981
1013,31,Yes,Travel_Frequently,667,Sales,1,4,Life Sciences,1,1427,2,Female,50,1,1,Sales Representative,3,Single,1359,16154,1,Y,No,12,3,2,80,0,1,3,3,1,0,0,0,1013,1013,1013
52,28,Yes,Travel_Rarely,1434,Research & Development,5,4,Technical Degree,1,65,3,Male,50,3,1,Laboratory Technician,3,Single,3441,11179,1,Y,Yes,13,3,3,80,0,2,3,2,2,2,2,2,52,52,52
441,34,Yes,Travel_Frequently,988,Human Resources,23,3,Human Resources,1,590,2,Female,43,3,3,Human Resources,1,Divorced,9950,11533,9,Y,Yes,15,3,3,80,3,11,2,3,3,2,0,2,441,441,441
592,33,Yes,Travel_Rarely,118,Sales,16,3,Marketing,1,819,1,Female,69,3,2,Sales Executive,1,Single,5324,26507,5,Y,No,15,3,3,80,0,6,3,3,3,2,0,2,592,592,592
615,26,Yes,Travel_Frequently,887,Research & Development,5,2,Medical,1,848,3,Female,88,2,1,Research Scientist,3,Married,2366,20898,1,Y,Yes,14,3,1,80,1,8,2,3,8,7,1,7,615,615,615
953,31,Yes,Travel_Frequently,1060,Sales,1,3,Life Sciences,1,1331,4,Female,54,3,1,Sales Representative,2,Single,2302,8319,1,Y,Yes,11,3,1,80,0,3,2,4,3,2,2,2,953,953,953
383,26,Yes,Travel_Frequently,575,Research & Development,3,1,Technical Degree,1,510,3,Male,73,3,1,Research Scientist,1,Single,3102,6582,0,Y,No,22,4,3,80,0,7,2,3,6,4,0,4,383,383,383
464,26,Yes,Travel_Rarely,471,Research & Development,24,3,Technical Degree,1,622,3,Male,66,1,1,Laboratory Technician,4,Single,2340,23213,1,Y,Yes,18,3,2,80,0,1,3,1,1,0,0,0,464,464,464
1059,34,Yes,Travel_Rarely,790,Sales,24,4,Medical,1,1489,1,Female,40,2,2,Sales Executive,2,Single,4599,7815,0,Y,Yes,23,4,3,80,0,16,2,4,15,9,10,10,1059,1059,1059
590,29,Yes,Travel_Rarely,805,Research & Development,1,2,Life Sciences,1,816,2,Female,36,2,1,Laboratory Technician,1,Married,2319,6689,1,Y,Yes,11,3,4,80,1,1,1,3,1,0,0,0,590,590,590
1280,44,Yes,Travel_Frequently,429,Research & Development,1,2,Medical,1,1792,3,Male,99,3,1,Research Scientist,2,Divorced,2342,11092,1,Y,Yes,12,3,3,80,3,6,2,2,5,3,2,3,1280,1280,1280
1340,22,Yes,Travel_Rarely,391,Research & Development,7,1,Life Sciences,1,1878,4,Male,75,3,1,Research Scientist,2,Single,2472,26092,1,Y,Yes,23,4,1,80,0,1,2,3,1,0,0,0,1340,1340,1340
929,44,Yes,Travel_Rarely,621,Research & Development,15,3,Medical,1,1295,1,Female,73,3,3,Healthcare Representative,4,Married,7978,14075,1,Y,No,11,3,4,80,1,10,2,3,10,7,0,5,929,929,929
1224,47,Yes,Travel_Frequently,1093,Sales,9,3,Life Sciences,1,1716,3,Male,82,1,4,Sales Executive,3,Married,12936,24164,7,Y,No,11,3,3,80,0,25,3,1,23,5,14,10,1224,1224,1224
25,34,Yes,Travel_Rarely,699,Research & Development,6,1,Medical,1,31,2,Male,83,3,1,Research Scientist,1,Single,2960,17102,2,Y,No,11,3,3,80,0,8,2,3,4,2,1,3,25,25,25
237,33,Yes,Travel_Rarely,465,Research & Development,2,2,Life Sciences,1,328,1,Female,39,3,1,Laboratory Technician,1,Married,2707,21509,7,Y,No,20,4,1,80,0,13,3,4,9,7,1,7,237,237,237
1445,56,Yes,Travel_Rarely,310,Research & Development,7,2,Technical Degree,1,2032,4,Male,72,3,1,Laboratory Technician,3,Married,2339,3666,8,Y,No,11,3,4,80,1,14,4,1,10,9,9,8,1445,1445,1445
710,31,Yes,Non-Travel,335,Research & Development,9,2,Medical,1,991,3,Male,46,2,1,Research Scientist,1,Single,2321,10322,0,Y,Yes,22,4,1,80,0,4,0,3,3,2,1,2,710,710,710
670,39,Yes,Travel_Rarely,1122,Research & Development,6,3,Medical,1,932,4,Male,70,3,1,Laboratory Technician,1,Married,2404,4303,7,Y,Yes,21,4,4,80,0,8,2,1,2,2,2,2,670,670,670
1333,29,Yes,Travel_Frequently,459,Research & Development,24,2,Life Sciences,1,1868,4,Male,73,2,1,Research Scientist,4,Single,2439,14753,1,Y,Yes,24,4,2,80,0,1,3,2,1,0,1,0,1333,1333,1333
1058,29,Yes,Travel_Frequently,115,Sales,13,3,Technical Degree,1,1487,1,Female,51,3,2,Sales Executive,2,Single,5765,17485,5,Y,No,11,3,1,80,0,7,4,1,5,3,0,0,1058,1058,1058
1396,31,Yes,Travel_Frequently,754,Sales,26,4,Marketing,1,1967,1,Male,63,3,2,Sales Executive,4,Married,5617,21075,1,Y,Yes,11,3,3,80,0,10,4,3,10,7,0,8,1396,1396,1396
850,43,Yes,Travel_Rarely,1372,Sales,9,3,Marketing,1,1188,1,Female,85,1,2,Sales Executive,3,Single,5346,9489,8,Y,No,13,3,2,80,0,7,2,2,4,3,1,3,850,850,850
1250,29,Yes,Travel_Rarely,428,Sales,9,3,Marketing,1,1752,2,Female,52,1,1,Sales Representative,2,Single,2760,14630,1,Y,No,13,3,3,80,0,2,3,3,2,2,2,2,1250,1250,1250
865,41,Yes,Non-Travel,906,Research & Development,5,2,Life Sciences,1,1210,1,Male,95,2,1,Research Scientist,1,Divorced,2107,20293,6,Y,No,17,3,1,80,1,5,2,1,1,0,0,0,865,865,865
127,58,Yes,Travel_Rarely,147,Research & Development,23,4,Medical,1,165,4,Female,94,3,3,Healthcare Representative,4,Married,10312,3465,1,N,No,12,3,4,80,1,40,3,2,40,10,15,6,127,127,127
193,35,Yes,Travel_Rarely,556,Research & Development,23,2,Life Sciences,1,261,2,Male,50,2,2,Manufacturing Director,3,Married,5916,15497,3,Y,Yes,13,3,1,80,0,8,1,3,1,0,0,1,193,193,193
1202,23,Yes,Travel_Rarely,1320,Research & Development,8,1,Medical,1,1684,4,Male,93,2,1,Laboratory Technician,3,Single,3989,20586,1,Y,Yes,11,3,1,80,0,5,2,3,5,4,1,2,1202,1202,1202
260,31,Yes,Travel_Frequently,307,Research & Development,29,2,Medical,1,355,3,Male,71,2,1,Laboratory Technician,2,Single,3479,11652,0,Y,No,11,3,2,80,0,6,2,4,5,4,1,4,260,260,260
721,30,Yes,Travel_Rarely,138,Research & Development,22,3,Life Sciences,1,1004,1,Female,48,3,1,Research Scientist,3,Married,2132,11539,4,Y,Yes,11,3,2,80,0,7,2,3,5,2,0,1,721,721,721
1057,28,Yes,Travel_Frequently,1496,Sales,1,3,Technical Degree,1,1486,1,Male,92,3,1,Sales Representative,3,Married,2909,15747,3,Y,No,15,3,4,80,1,5,3,4,3,2,1,2,1057,1057,1057
858,44,Yes,Travel_Rarely,1097,Research & Development,10,4,Life Sciences,1,1200,3,Male,96,3,1,Research Scientist,3,Single,2936,10826,1,Y,Yes,11,3,3,80,0,6,4,3,6,4,0,2,858,858,858
103,20,Yes,Travel_Frequently,871,Research & Development,6,3,Life Sciences,1,137,4,Female,66,2,1,Laboratory Technician,4,Single,2926,19783,1,Y,Yes,18,3,2,80,0,1,5,3,1,0,1,0,103,103,103
914,45,Yes,Travel_Rarely,1449,Sales,2,3,Marketing,1,1277,1,Female,94,1,5,Manager,2,Single,18824,2493,2,Y,Yes,16,3,1,80,0,26,2,3,24,10,1,11,914,914,914
1274,22,Yes,Travel_Rarely,1294,Research & Development,8,1,Medical,1,1783,3,Female,79,3,1,Laboratory Technician,1,Married,2398,15999,1,Y,Yes,17,3,3,80,0,1,6,3,1,0,0,0,1274,1274,1274
1022,25,Yes,Travel_Rarely,383,Sales,9,2,Life Sciences,1,1439,1,Male,68,2,1,Sales Representative,1,Married,4400,15182,3,Y,No,12,3,1,80,0,6,2,3,3,2,2,2,1022,1022,1022
732,20,Yes,Travel_Rarely,1097,Research & Development,11,3,Medical,1,1016,4,Female,98,2,1,Research Scientist,1,Single,2600,18275,1,Y,Yes,15,3,1,80,0,1,2,3,1,0,0,0,732,732,732
1282,35,Yes,Travel_Rarely,303,Sales,27,3,Life Sciences,1,1797,3,Male,84,3,2,Sales Executive,4,Single,5813,13492,1,Y,Yes,18,3,4,80,0,10,2,3,10,7,7,7,1282,1282,1282
272,47,Yes,Non-Travel,666,Research & Development,29,4,Life Sciences,1,376,1,Male,88,3,3,Manager,2,Married,11849,10268,1,Y,Yes,12,3,4,80,1,10,2,2,10,7,9,9,272,272,272
694,36,Yes,Travel_Rarely,530,Sales,3,1,Life Sciences,1,967,3,Male,51,2,3,Sales Executive,4,Married,10325,5518,1,Y,Yes,11,3,1,80,1,16,6,3,16,7,3,7,694,694,694
133,31,Yes,Travel_Rarely,542,Sales,20,3,Life Sciences,1,175,2,Female,71,1,2,Sales Executive,3,Married,4559,24788,3,Y,Yes,11,3,3,80,1,4,2,3,2,2,2,2,133,133,133
832,31,Yes,Travel_Frequently,874,Research & Development,15,3,Medical,1,1160,3,Male,72,3,1,Laboratory Technician,3,Married,2610,6233,1,Y,No,12,3,3,80,1,2,5,2,2,2,2,2,832,832,832
265,28,Yes,Travel_Rarely,529,Research & Development,2,4,Life Sciences,1,364,1,Male,79,3,1,Laboratory Technician,3,Single,3485,14935,2,Y,No,11,3,3,80,0,5,5,1,0,0,0,0,265,265,265
1223,24,Yes,Travel_Rarely,240,Human Resources,22,1,Human Resources,1,1714,4,Male,58,1,1,Human Resources,3,Married,1555,11585,1,Y,No,11,3,3,80,1,1,2,3,1,0,0,0,1223,1223,1223
337,29,Yes,Travel_Rarely,318,Research & Development,8,4,Other,1,454,2,Male,77,1,1,Laboratory Technician,1,Married,2119,4759,1,Y,Yes,11,3,4,80,0,7,4,2,7,7,0,7,337,337,337
1078,29,Yes,Travel_Rarely,224,Research & Development,1,4,Technical Degree,1,1522,1,Male,100,2,1,Research Scientist,1,Single,2362,7568,6,Y,No,13,3,3,80,0,11,2,1,9,7,0,7,1078,1078,1078
1397,53,Yes,Travel_Rarely,1168,Sales,24,4,Life Sciences,1,1968,1,Male,66,3,3,Sales Executive,1,Single,10448,5843,6,Y,Yes,13,3,2,80,0,15,2,2,2,2,2,2,1397,1397,1397
496,27,Yes,Travel_Rarely,1420,Sales,2,1,Marketing,1,667,3,Male,85,3,1,Sales Representative,1,Divorced,3041,16346,0,Y,No,11,3,2,80,1,5,3,3,4,3,0,2,496,496,496
753,36,Yes,Travel_Rarely,885,Research & Development,16,4,Life Sciences,1,1042,3,Female,43,4,1,Laboratory Technician,1,Single,2743,8269,1,Y,No,16,3,3,80,0,18,1,3,17,13,15,14,753,753,753
183,41,Yes,Travel_Rarely,1356,Sales,20,2,Marketing,1,248,2,Female,70,3,1,Sales Representative,2,Single,3140,21728,1,Y,Yes,22,4,4,80,0,4,5,2,4,3,0,2,183,183,183
1037,31,Yes,Travel_Frequently,523,Research & Development,2,3,Life Sciences,1,1464,2,Male,94,3,1,Laboratory Technician,4,Married,3722,21081,6,Y,Yes,13,3,3,80,1,7,2,1,2,2,2,2,1037,1037,1037
843,28,Yes,Travel_Rarely,1485,Research & Development,12,1,Life Sciences,1,1175,3,Female,79,3,1,Laboratory Technician,4,Married,2515,22955,1,Y,Yes,11,3,4,80,0,1,4,2,1,1,0,0,843,843,843
1299,46,Yes,Travel_Rarely,261,Research & Development,21,2,Medical,1,1821,4,Female,66,3,2,Healthcare Representative,2,Married,8926,10842,4,Y,No,22,4,4,80,1,13,2,4,9,7,3,7,1299,1299,1299
1439,23,Yes,Travel_Frequently,638,Sales,9,3,Marketing,1,2023,4,Male,33,3,1,Sales Representative,1,Married,1790,26956,1,Y,No,19,3,1,80,1,1,3,2,1,0,1,0,1439,1439,1439
763,26,Yes,Travel_Frequently,342,Research & Development,2,3,Life Sciences,1,1053,1,Male,57,3,1,Research Scientist,1,Married,2042,15346,6,Y,Yes,14,3,2,80,1,6,2,3,3,2,1,2,763,763,763
529,50,Yes,Travel_Frequently,562,Sales,8,2,Technical Degree,1,723,2,Male,50,3,2,Sales Executive,3,Married,6796,23452,3,Y,Yes,14,3,1,80,1,18,4,3,4,3,1,3,529,529,529
1008,29,Yes,Travel_Frequently,337,Research & Development,14,1,Other,1,1421,3,Female,84,3,3,Healthcare Representative,4,Single,7553,22930,0,Y,Yes,12,3,1,80,0,9,1,3,8,7,7,7,1008,1008,1008
667,22,Yes,Travel_Rarely,617,Research & Development,3,1,Life Sciences,1,926,2,Female,34,3,2,Manufacturing Director,3,Married,4171,10022,0,Y,Yes,19,3,1,80,1,4,3,4,3,2,0,2,667,667,667
986,31,Yes,Travel_Rarely,330,Research & Development,22,4,Medical,1,1389,4,Male,98,3,2,Manufacturing Director,3,Married,6179,21057,1,Y,Yes,15,3,4,80,2,10,3,2,10,2,6,7,986,986,986
1084,40,Yes,Travel_Rarely,676,Research & Development,9,4,Life Sciences,1,1534,4,Male,86,3,1,Laboratory Technician,1,Single,2018,21831,3,Y,No,14,3,2,80,0,15,3,1,5,4,1,0,1084,1084,1084
141,32,Yes,Travel_Rarely,1033,Research & Development,9,3,Medical,1,190,1,Female,41,3,1,Laboratory Technician,1,Single,4200,10224,7,Y,No,22,4,1,80,0,10,2,4,5,4,0,4,141,141,141
218,29,Yes,Travel_Rarely,992,Research & Development,1,3,Technical Degree,1,300,3,Male,85,3,1,Research Scientist,3,Single,2058,19757,0,Y,No,14,3,4,80,0,7,1,2,6,2,1,5,218,218,218
998,27,Yes,Travel_Rarely,135,Research & Development,17,4,Life Sciences,1,1405,4,Female,51,3,1,Research Scientist,3,Single,2394,25681,1,Y,Yes,13,3,4,80,0,8,2,3,8,2,7,7,998,998,998
217,30,Yes,Travel_Frequently,334,Sales,26,4,Marketing,1,299,3,Female,52,2,2,Sales Executive,1,Single,6696,22967,5,Y,No,15,3,3,80,0,9,5,2,6,3,0,1,217,217,217
37,50,Yes,Travel_Rarely,869,Sales,3,2,Marketing,1,47,1,Male,86,2,1,Sales Representative,3,Married,2683,3810,1,Y,Yes,14,3,3,80,0,3,2,3,3,2,0,2,37,37,37
248,34,No,Travel_Rarely,470,Research & Development,2,4,Life Sciences,1,339,4,Male,84,2,2,Manufacturing Director,1,Married,5957,23687,6,Y,No,13,3,2,80,1,13,3,3,11,9,5,9,248,248,248
377,51,No,Travel_Rarely,1178,Sales,14,2,Life Sciences,1,500,3,Female,87,3,2,Sales Executive,4,Married,4936,14862,4,Y,No,11,3,3,80,1,18,2,2,7,7,0,7,377,377,377
1173,29,No,Travel_Rarely,469,Sales,10,3,Medical,1,1650,3,Male,42,2,2,Sales Executive,3,Single,5869,23413,9,Y,No,11,3,3,80,0,8,2,3,5,2,1,4,1173,1173,1173
513,27,No,Travel_Rarely,1115,Research & Development,3,4,Medical,1,700,1,Male,54,2,1,Research Scientist,4,Single,2045,15174,0,Y,No,13,3,4,80,0,5,0,3,4,2,1,1,513,513,513
321,27,No,Travel_Rarely,1377,Sales,2,3,Life Sciences,1,437,4,Male,74,3,2,Sales Executive,3,Single,4478,5242,1,Y,Yes,11,3,1,80,0,5,3,3,5,4,0,4,321,321,321
336,40,No,Travel_Rarely,1124,Sales,1,2,Medical,1,453,2,Male,57,1,2,Sales Executive,4,Married,7457,13273,2,Y,Yes,22,4,3,80,3,6,2,2,4,3,0,2,336,336,336
1239,23,No,Travel_Rarely,160,Research & Development,4,1,Medical,1,1735,3,Female,51,3,1,Laboratory Technician,2,Single,3295,12862,1,Y,No,13,3,3,80,0,3,3,1,3,2,1,2,1239,1239,1239
594,36,No,Travel_Rarely,676,Research & Development,1,3,Other,1,823,3,Female,35,3,2,Manufacturing Director,2,Married,5228,23361,0,Y,No,15,3,1,80,1,10,2,3,9,7,0,5,594,594,594
467,41,No,Travel_Rarely,1276,Sales,2,5,Life Sciences,1,625,2,Female,91,3,4,Manager,1,Married,16595,5626,7,N,No,16,3,2,80,1,22,2,3,18,16,11,8,467,467,467
47,34,No,Non-Travel,1065,Sales,23,4,Marketing,1,60,2,Male,72,3,2,Sales Executive,3,Single,4568,10034,0,Y,No,20,4,3,80,0,10,2,3,9,5,8,7,47,47,47
768,37,No,Travel_Rarely,124,Research & Development,3,3,Other,1,1062,4,Female,35,3,2,Healthcare Representative,2,Single,4107,13848,3,Y,No,15,3,1,80,0,8,3,2,4,3,0,1,768,768,768
739,39,No,Travel_Rarely,466,Research & Development,1,1,Life Sciences,1,1026,4,Female,65,2,4,Manufacturing Director,4,Married,12742,7060,1,Y,No,16,3,3,80,1,21,3,3,21,6,11,8,739,739,739
1006,29,No,Travel_Rarely,332,Human Resources,17,3,Other,1,1419,2,Male,51,2,3,Human Resources,1,Single,7988,9769,1,Y,No,13,3,1,80,0,10,3,2,10,9,0,9,1006,1006,1006
525,34,No,Travel_Rarely,1442,Research & Development,9,3,Medical,1,717,4,Female,46,2,3,Healthcare Representative,2,Single,8621,17654,1,Y,No,14,3,2,80,0,9,3,4,8,7,7,7,525,525,525
247,33,No,Travel_Rarely,832,Research & Development,5,4,Life Sciences,1,338,3,Female,63,2,1,Research Scientist,4,Married,2911,14776,1,Y,No,13,3,3,80,1,2,2,2,2,2,0,2,247,247,247
1216,35,No,Travel_Frequently,146,Research & Development,2,4,Medical,1,1704,1,Male,79,2,1,Research Scientist,4,Single,4930,13970,0,Y,Yes,14,3,3,80,0,6,2,4,5,4,1,4,1216,1216,1216
598,42,No,Travel_Rarely,932,Research & Development,1,2,Life Sciences,1,827,4,Female,43,2,2,Manufacturing Director,4,Married,6062,4051,9,Y,Yes,13,3,4,80,1,8,4,3,4,3,0,2,598,598,598
602,40,No,Travel_Frequently,720,Research & Development,16,4,Medical,1,832,1,Male,51,2,2,Laboratory Technician,3,Single,5094,11983,6,Y,No,14,3,4,80,0,10,6,3,1,0,0,0,602,602,602
994,25,No,Travel_Rarely,1372,Sales,18,1,Life Sciences,1,1399,1,Male,93,4,2,Sales Executive,3,Married,6232,12477,2,Y,No,11,3,2,80,0,6,3,2,3,2,1,2,994,994,994
1222,45,No,Non-Travel,1238,Research & Development,1,1,Life Sciences,1,1712,3,Male,74,2,3,Healthcare Representative,3,Married,10748,3395,3,Y,No,23,4,4,80,1,25,3,2,23,15,14,4,1222,1222,1222
521,48,No,Travel_Rarely,817,Sales,2,1,Marketing,1,712,2,Male,56,4,2,Sales Executive,2,Married,8120,18597,3,Y,No,12,3,4,80,0,12,3,3,2,2,2,2,521,521,521
335,45,No,Travel_Rarely,549,Research & Development,8,4,Other,1,452,4,Male,75,3,2,Research Scientist,4,Married,3697,9278,9,Y,No,14,3,1,80,2,12,3,3,10,9,9,8,335,335,335
803,33,No,Travel_Frequently,970,Sales,7,3,Life Sciences,1,1114,4,Female,30,3,2,Sales Executive,2,Married,4302,13401,0,Y,No,17,3,3,80,1,4,3,3,3,2,0,2,803,803,803
1125,39,No,Travel_Rarely,1462,Sales,6,3,Medical,1,1588,4,Male,38,4,3,Sales Executive,3,Married,8237,4658,2,Y,No,11,3,1,80,1,11,3,3,7,6,7,6,1125,1125,1125
155,32,No,Travel_Frequently,967,Sales,8,3,Marketing,1,207,2,Female,43,3,3,Sales Executive,4,Single,8998,15589,1,Y,No,14,3,4,80,0,9,2,3,9,8,3,7,155,155,155
815,40,No,Travel_Rarely,1308,Research & Development,14,3,Medical,1,1128,3,Male,44,2,5,Research Director,3,Single,19626,17544,1,Y,No,14,3,1,80,0,21,2,4,20,7,4,9,815,815,815
24,21,No,Travel_Rarely,391,Research & Development,15,2,Life Sciences,1,30,3,Male,96,3,1,Research Scientist,4,Single,1232,19281,1,Y,No,14,3,4,80,0,0,6,3,0,0,0,0,24,24,24
1091,29,No,Travel_Rarely,441,Research & Development,8,1,Other,1,1544,3,Female,39,1,2,Healthcare Representative,1,Married,9715,7288,3,Y,No,13,3,3,80,1,9,3,3,7,7,0,7,1091,1091,1091
136,36,No,Travel_Rarely,216,Research & Development,6,2,Medical,1,178,2,Male,84,3,2,Manufacturing Director,2,Divorced,4941,2819,6,Y,No,20,4,4,80,2,7,0,3,3,2,0,1,136,136,136
959,34,No,Travel_Rarely,943,Research & Development,9,3,Life Sciences,1,1344,4,Male,86,3,3,Healthcare Representative,4,Divorced,8500,5494,0,Y,No,11,3,4,80,1,10,0,2,9,7,1,6,959,959,959
729,54,No,Travel_Rarely,1441,Research & Development,17,3,Technical Degree,1,1013,3,Female,56,3,3,Manufacturing Director,3,Married,10739,13943,8,Y,No,11,3,3,80,1,22,2,3,10,7,0,8,729,729,729
1074,28,No,Travel_Rarely,1083,Research & Development,29,1,Life Sciences,1,1514,3,Male,96,1,2,Manufacturing Director,2,Married,6549,3173,1,Y,No,14,3,2,80,2,8,2,2,8,6,1,7,1074,1074,1074
943,36,No,Travel_Rarely,325,Research & Development,10,4,Technical Degree,1,1312,4,Female,63,3,3,Healthcare Representative,3,Married,7094,5747,3,Y,No,12,3,1,80,0,10,0,3,7,7,1,7,943,943,943
63,50,No,Travel_Rarely,989,Research & Development,7,2,Medical,1,80,2,Female,43,2,5,Research Director,3,Divorced,18740,16701,5,Y,Yes,12,3,4,80,1,29,2,2,27,3,13,8,63,63,63
779,46,No,Travel_Rarely,1003,Research & Development,8,4,Life Sciences,1,1080,4,Female,74,2,2,Research Scientist,1,Divorced,4615,21029,8,Y,Yes,23,4,1,80,3,19,2,3,16,13,1,7,779,779,779
1191,32,No,Travel_Rarely,977,Research & Development,2,3,Medical,1,1671,4,Male,45,3,2,Research Scientist,2,Divorced,5470,25518,0,Y,No,13,3,3,80,2,10,4,2,9,5,1,6,1191,1191,1191
164,57,No,Travel_Rarely,334,Research & Development,24,2,Life Sciences,1,223,3,Male,83,4,3,Healthcare Representative,4,Divorced,9439,23402,3,Y,Yes,16,3,2,80,1,12,2,1,5,3,1,4,164,164,164
145,32,No,Travel_Frequently,689,Sales,9,2,Medical,1,195,4,Male,35,1,2,Sales Executive,4,Divorced,4668,22812,0,Y,No,17,3,4,80,3,9,2,4,8,7,0,7,145,145,145
1317,43,No,Travel_Frequently,1422,Sales,2,4,Life Sciences,1,1849,1,Male,92,3,2,Sales Executive,4,Married,5675,19246,1,Y,No,20,4,3,80,1,7,5,3,7,7,7,7,1317,1317,1317
528,32,No,Travel_Rarely,929,Sales,10,3,Marketing,1,722,4,Male,55,3,2,Sales Executive,4,Single,5396,21703,1,Y,No,12,3,4,80,0,10,2,2,10,7,0,8,528,528,528
987,39,No,Travel_Rarely,1498,Sales,21,4,Life Sciences,1,1390,1,Male,44,2,2,Sales Executive,4,Married,6120,3567,3,Y,Yes,12,3,4,80,2,8,2,4,5,4,1,4,987,987,987
724,46,No,Travel_Rarely,566,Research & Development,7,2,Medical,1,1007,4,Male,75,3,3,Manufacturing Director,3,Divorced,10845,24208,6,Y,No,13,3,2,80,1,13,3,3,8,7,0,7,724,724,724
1150,27,No,Travel_Rarely,1302,Research & Development,19,3,Other,1,1619,4,Male,67,2,1,Laboratory Technician,1,Divorced,4066,16290,1,Y,No,11,3,1,80,2,7,3,3,7,7,0,7,1150,1150,1150
1451,35,No,Travel_Rarely,1146,Human Resources,26,4,Life Sciences,1,2040,3,Female,31,3,3,Human Resources,4,Single,8837,16642,1,Y,Yes,16,3,3,80,0,9,2,3,9,0,1,7,1451,1451,1451
445,48,No,Travel_Rarely,163,Sales,2,5,Marketing,1,595,2,Female,37,3,2,Sales Executive,4,Married,4051,19658,2,Y,No,14,3,1,80,1,14,2,3,9,7,6,7,445,445,445
490,43,No,Travel_Rarely,782,Research & Development,6,4,Other,1,661,2,Male,50,2,4,Research Director,4,Divorced,16627,2671,4,Y,Yes,14,3,3,80,1,21,3,2,1,0,0,0,490,490,490
373,35,No,Travel_Rarely,755,Research & Development,9,4,Life Sciences,1,496,3,Male,97,2,2,Healthcare Representative,2,Single,6540,19394,9,Y,No,19,3,3,80,0,10,5,3,1,1,0,0,373,373,373
1234,30,No,Travel_Rarely,793,Research & Development,16,1,Life Sciences,1,1729,2,Male,33,3,1,Research Scientist,4,Married,2862,3811,1,Y,No,12,3,2,80,1,10,2,2,10,0,0,8,1234,1234,1234
510,33,No,Travel_Frequently,1296,Research & Development,6,3,Life Sciences,1,692,3,Male,30,3,2,Healthcare Representative,4,Divorced,7725,5335,3,Y,No,23,4,3,80,1,15,2,1,13,11,4,7,510,510,510
315,39,No,Travel_Rarely,117,Research & Development,10,1,Medical,1,429,3,Male,99,3,4,Manager,1,Married,17068,5355,1,Y,Yes,14,3,4,80,0,21,3,3,21,9,11,10,315,315,315
772,54,No,Travel_Rarely,1082,Sales,2,4,Life Sciences,1,1070,3,Female,41,2,3,Sales Executive,3,Married,10686,8392,6,Y,No,11,3,2,80,1,13,4,3,9,4,7,0,772,772,772
1016,34,No,Travel_Frequently,560,Research & Development,1,4,Other,1,1431,4,Male,91,3,1,Research Scientist,1,Divorced,2996,20284,5,Y,No,14,3,3,80,2,10,2,3,4,3,1,3,1016,1016,1016
1221,36,No,Travel_Rarely,530,Sales,2,4,Life Sciences,1,1710,3,Female,51,3,2,Sales Representative,4,Single,4502,7439,3,Y,No,15,3,3,80,0,17,2,2,13,7,6,7,1221,1221,1221
331,43,No,Travel_Frequently,559,Research & Development,10,4,Life Sciences,1,448,3,Female,82,2,2,Laboratory Technician,3,Divorced,5257,6227,1,Y,No,11,3,2,80,1,9,3,4,9,7,0,0,331,331,331
1027,32,No,Travel_Rarely,601,Sales,7,5,Marketing,1,1446,4,Male,97,3,2,Sales Executive,4,Married,9204,23343,4,Y,No,12,3,3,80,1,7,3,2,4,3,0,3,1027,1027,1027
682,38,No,Travel_Rarely,1333,Research & Development,1,3,Technical Degree,1,950,4,Female,80,3,3,Research Director,1,Married,13582,16292,1,Y,No,13,3,2,80,1,15,3,3,15,12,5,11,682,682,682
996,43,No,Travel_Rarely,930,Research & Development,6,3,Medical,1,1402,1,Female,73,2,2,Research Scientist,3,Single,4081,20003,1,Y,Yes,14,3,1,80,0,20,3,1,20,7,1,8,996,996,996
824,29,No,Travel_Frequently,490,Research & Development,10,3,Life Sciences,1,1143,4,Female,61,3,1,Research Scientist,2,Divorced,3291,17940,0,Y,No,14,3,4,80,2,8,2,2,7,5,1,1,824,824,824
517,23,No,Travel_Rarely,885,Research & Development,4,3,Medical,1,705,1,Male,58,4,1,Research Scientist,1,Married,2819,8544,2,Y,No,16,3,1,80,1,5,3,4,3,2,0,2,517,517,517
84,38,No,Non-Travel,573,Research & Development,6,3,Medical,1,107,2,Female,79,1,2,Research Scientist,4,Divorced,5329,15717,7,Y,Yes,12,3,4,80,3,17,3,3,13,11,1,9,84,84,84
989,41,No,Travel_Frequently,1200,Research & Development,22,3,Life Sciences,1,1392,4,Female,75,3,2,Research Scientist,4,Divorced,5467,13953,3,Y,Yes,14,3,1,80,2,12,4,2,6,2,3,3,989,989,989
673,42,No,Travel_Rarely,462,Sales,14,2,Medical,1,936,3,Female,68,2,2,Sales Executive,3,Single,6244,7824,7,Y,No,17,3,1,80,0,10,6,3,5,4,0,3,673,673,673
1430,39,No,Travel_Rarely,116,Research & Development,24,1,Life Sciences,1,2014,1,Male,52,3,2,Research Scientist,4,Single,4108,5340,7,Y,No,13,3,1,80,0,18,2,3,7,7,1,7,1430,1430,1430
462,35,No,Travel_Rarely,195,Sales,1,3,Medical,1,620,1,Female,80,3,2,Sales Executive,3,Single,4859,6698,1,Y,No,16,3,4,80,0,5,3,3,5,4,0,3,462,462,462
1085,34,No,Travel_Rarely,971,Sales,1,3,Technical Degree,1,1535,4,Male,64,2,3,Sales Executive,3,Married,7083,12288,1,Y,Yes,14,3,4,80,0,10,3,3,10,9,8,6,1085,1085,1085
1447,34,No,Travel_Rarely,704,Sales,28,3,Marketing,1,2035,4,Female,95,2,2,Sales Executive,3,Married,6712,8978,1,Y,No,21,4,4,80,2,8,2,3,8,7,1,7,1447,1447,1447
752,50,No,Non-Travel,145,Sales,1,3,Life Sciences,1,1040,4,Female,95,3,2,Sales Executive,3,Married,6347,24920,0,Y,No,12,3,1,80,1,19,3,3,18,7,0,13,752,752,752
1356,36,No,Travel_Rarely,335,Sales,17,2,Marketing,1,1908,3,Male,33,2,2,Sales Executive,2,Married,5507,16822,2,Y,No,16,3,3,80,2,12,1,1,4,2,1,3,1356,1356,1356
897,31,No,Travel_Rarely,1062,Research & Development,24,3,Medical,1,1252,3,Female,96,2,2,Healthcare Representative,1,Single,6812,17198,1,Y,No,19,3,2,80,0,10,2,3,10,9,1,8,897,897,897
632,44,No,Travel_Rarely,986,Research & Development,8,4,Life Sciences,1,874,1,Male,62,4,1,Laboratory Technician,4,Married,2818,5044,2,Y,Yes,24,4,3,80,1,10,2,2,3,2,0,2,632,632,632
1157,40,No,Travel_Rarely,884,Research & Development,15,3,Life Sciences,1,1628,1,Female,80,2,3,Manufacturing Director,3,Married,10435,25800,1,Y,No,13,3,4,80,2,18,2,3,18,15,14,12,1157,1157,1157
794,28,No,Travel_Rarely,895,Research & Development,15,2,Life Sciences,1,1102,1,Male,50,3,1,Laboratory Technician,3,Divorced,2207,22482,1,Y,No,16,3,4,80,1,4,5,2,4,2,2,2,794,794,794
296,42,No,Travel_Frequently,555,Sales,26,3,Marketing,1,404,3,Female,77,3,4,Sales Executive,2,Married,13525,14864,5,Y,No,14,3,4,80,1,23,2,4,20,4,4,8,296,296,296
1052,44,No,Travel_Frequently,383,Sales,1,5,Marketing,1,1481,1,Female,79,3,2,Sales Executive,3,Married,4768,9282,7,Y,No,12,3,3,80,1,11,4,2,1,0,0,0,1052,1052,1052
346,23,No,Travel_Rarely,1309,Research & Development,26,1,Life Sciences,1,465,3,Male,83,3,1,Research Scientist,4,Divorced,2904,16092,1,Y,No,12,3,3,80,2,4,2,2,4,2,0,2,346,346,346
1166,44,No,Travel_Frequently,602,Human Resources,1,5,Human Resources,1,1642,1,Male,37,3,2,Human Resources,4,Married,5743,10503,4,Y,Yes,11,3,3,80,0,14,3,3,10,7,0,2,1166,1166,1166
1139,50,No,Travel_Frequently,1234,Research & Development,20,5,Medical,1,1606,2,Male,41,3,4,Healthcare Representative,3,Married,11245,20689,2,Y,Yes,15,3,3,80,1,32,3,3,30,8,12,13,1139,1139,1139
270,36,No,Travel_Rarely,1403,Research & Development,6,3,Life Sciences,1,373,4,Male,47,3,1,Laboratory Technician,4,Married,3210,20251,0,Y,No,11,3,3,80,1,16,4,3,15,13,10,11,270,270,270
455,29,No,Travel_Rarely,232,Research & Development,19,3,Technical Degree,1,611,4,Male,34,3,2,Manufacturing Director,4,Divorced,4262,22645,4,Y,No,12,3,2,80,2,8,2,4,3,2,1,2,455,455,455
1155,47,No,Travel_Rarely,1176,Human Resources,26,4,Life Sciences,1,1625,4,Female,98,3,5,Manager,3,Married,19658,5220,3,Y,No,11,3,3,80,1,27,2,3,5,2,1,0,1155,1155,1155
1320,32,No,Travel_Frequently,1318,Sales,10,4,Marketing,1,1853,4,Male,79,3,2,Sales Executive,4,Single,4648,26075,8,Y,No,13,3,3,80,0,4,2,4,0,0,0,0,1320,1320,1320
104,34,No,Travel_Rarely,665,Research & Development,6,4,Other,1,138,1,Female,41,3,2,Research Scientist,3,Single,4809,12482,1,Y,No,14,3,3,80,0,16,3,3,16,13,2,10,104,104,104
669,28,No,Travel_Rarely,995,Research & Development,9,3,Medical,1,930,3,Female,77,3,1,Research Scientist,3,Divorced,2377,9834,5,Y,No,18,3,2,80,1,6,2,3,2,2,2,2,669,669,669
1425,35,No,Travel_Rarely,1395,Research & Development,9,4,Medical,1,2008,2,Male,48,3,2,Research Scientist,3,Single,5098,18698,1,Y,No,19,3,2,80,0,10,5,3,10,7,0,8,1425,1425,1425
340,27,No,Travel_Rarely,1130,Sales,8,4,Marketing,1,458,2,Female,56,3,2,Sales Executive,2,Married,6214,3415,1,Y,No,18,3,1,80,1,8,3,3,8,7,0,7,340,340,340
1303,35,No,Travel_Rarely,185,Research & Development,23,4,Medical,1,1826,2,Male,91,1,1,Laboratory Technician,3,Married,2705,9696,0,Y,No,16,3,2,80,1,6,2,4,5,4,0,3,1303,1303,1303
1105,29,No,Travel_Rarely,598,Research & Development,9,3,Life Sciences,1,1558,3,Male,91,4,1,Research Scientist,3,Married,2451,22376,6,Y,No,18,3,1,80,2,5,2,2,1,0,0,0,1105,1105,1105
1178,50,No,Travel_Rarely,813,Research & Development,17,5,Life Sciences,1,1656,4,Female,50,2,3,Research Director,1,Divorced,13269,21981,5,Y,No,15,3,3,80,3,19,3,3,14,11,1,11,1178,1178,1178
306,36,No,Non-Travel,1105,Research & Development,24,4,Life Sciences,1,419,2,Female,47,3,2,Laboratory Technician,2,Married,5674,6927,7,Y,No,15,3,3,80,1,11,3,3,9,8,0,8,306,306,306
330,47,No,Travel_Rarely,1482,Research & Development,5,5,Life Sciences,1,447,4,Male,42,3,5,Research Director,3,Married,18300,16375,4,Y,No,11,3,2,80,1,21,2,3,3,2,1,1,330,330,330
1109,35,No,Travel_Rarely,992,Research & Development,1,3,Medical,1,1564,4,Male,68,2,1,Laboratory Technician,1,Single,2450,21731,1,Y,No,19,3,2,80,0,3,3,3,3,0,1,2,1109,1109,1109
852,56,No,Travel_Rarely,718,Research & Development,4,4,Technical Degree,1,1191,4,Female,92,3,5,Manager,1,Divorced,19943,18575,4,Y,No,13,3,4,80,1,28,2,3,5,2,4,2,852,852,852
204,40,No,Travel_Rarely,905,Research & Development,19,2,Medical,1,281,3,Male,99,3,2,Laboratory Technician,4,Married,2741,16523,8,Y,Yes,15,3,3,80,1,15,2,4,7,2,3,7,204,204,204
731,30,No,Travel_Rarely,153,Research & Development,8,2,Life Sciences,1,1015,2,Female,73,4,3,Research Director,1,Married,11416,17802,0,Y,Yes,12,3,3,80,3,9,4,2,8,7,1,7,731,731,731
187,40,No,Travel_Rarely,989,Research & Development,4,1,Medical,1,253,4,Female,46,3,5,Manager,3,Married,19033,6499,1,Y,No,14,3,2,80,1,21,2,3,20,8,9,9,187,187,187
880,60,No,Travel_Rarely,696,Sales,7,4,Marketing,1,1233,2,Male,52,4,2,Sales Executive,4,Divorced,5220,10893,0,Y,Yes,18,3,2,80,1,12,3,3,11,7,1,9,880,880,880
764,34,No,Travel_Rarely,1333,Sales,10,4,Life Sciences,1,1055,3,Female,87,3,1,Sales Representative,3,Married,2220,18410,1,Y,Yes,19,3,4,80,1,1,2,3,1,1,0,0,764,764,764
273,28,No,Travel_Rarely,1158,Research & Development,9,3,Medical,1,377,4,Male,94,3,1,Research Scientist,4,Married,2070,2613,1,Y,No,23,4,4,80,1,5,3,2,5,2,0,4,273,273,273
1115,48,No,Travel_Rarely,1108,Research & Development,15,4,Other,1,1576,3,Female,65,3,1,Research Scientist,1,Married,2367,16530,8,Y,No,12,3,4,80,1,10,3,2,8,2,7,6,1115,1115,1115
622,36,No,Travel_Rarely,928,Sales,1,2,Life Sciences,1,857,2,Male,56,3,2,Sales Executive,4,Married,6201,2823,1,Y,Yes,14,3,4,80,1,18,1,2,18,14,4,11,622,622,622
